gender,name.title,name.first,name.last,location.street.number,location.street.name,location.city,location.state,location.country,location.postcode,location.coordinates.latitude,location.coordinates.longitude,location.timezone.offset,location.timezone.description,email,login.uuid,login.username,login.password,login.salt,login.md5,login.sha1,login.sha256,dob.date,dob.age,registered.date,registered.age,phone,cell,id.name,id.value,picture.large,picture.medium,picture.thumbnail,nat
male,Mr,Ted,Carlson,5813,Bruce St,Fayetteville,Arizona,United States,32395,87.8521,-130.9579,-9:00,Alaska,ted.carlson@example.com,e1291403-d3cf-4553-b8f6-daafe08a35dd,yellowgorilla867,legacy,2pV8vwl0,9cb74c09d96667feb66f82d2f75206a4,be3c976fc6845111a4b273d0836b6c4045ace760,9dfade26468f5d243b122d6fb513065109ae628cb654c9e4dd34d7be310b2489,1980-09-26T20:35:00.458Z,41,2013-07-17T02:35:30.563Z,8,(905)-623-8820,(843)-287-0311,SSN,731-86-1461,https://randomuser.me/api/portraits/men/94.jpg,https://randomuser.me/api/portraits/med/men/94.jpg,https://randomuser.me/api/portraits/thumb/men/94.jpg,US
female,Ms,Elsa,Nguyen,7331,Rue Cyrus-Hugues,Nice,Haute-Marne,France,30283,-52.6173,-150.5139,+5:00,"Ekaterinburg, Islamabad, Karachi, Tashkent",elsa.nguyen@example.com,d754ec15-22b5-43da-a6b2-8b4bdab79633,whiteleopard607,sniper,oM7RZs0a,7448f2a1fb42fdb5e3e3866974785808,e0daa4d00ec61bf3f7bf2110aef0aa4200754732,0cb09e6aa6ef6b75b76772800f3fc2aa3b225bf76ba5a70b863e29bdc198ae7a,1972-02-08T10:17:22.506Z,49,2014-10-20T09:59:20.435Z,7,03-43-67-98-00,06-27-31-19-06,INSEE,2NNaN43742413 83,https://randomuser.me/api/portraits/women/85.jpg,https://randomuser.me/api/portraits/med/women/85.jpg,https://randomuser.me/api/portraits/thumb/women/85.jpg,FR
male,Mr,Jayden,Claire,7665,St. Catherine St,Alma,Nunavut,Canada,X1K 4N2,20.5338,161.3413,+5:45,Kathmandu,jayden.claire@example.com,bd4f0de8-98be-4876-acfd-004b521f0a75,redbear476,zigzag,6ZNX6iC9,472e0d3f72c4654ab774709b9c217173,338db53b28e59be602f9f48e4ef43144340de4ab,f7f29e11489118e60a92d9111f7af50969b69d5ade058bf5609e544b20488be1,1991-09-30T11:18:06.723Z,30,2017-06-11T10:46:09.337Z,4,569-771-1872,457-325-1155,,null,https://randomuser.me/api/portraits/men/83.jpg,https://randomuser.me/api/portraits/med/men/83.jpg,https://randomuser.me/api/portraits/thumb/men/83.jpg,CA
female,Mrs,Marie,Scott,4576,George Street,Edenderry,Sligo,Ireland,67120,42.8016,-27.3881,-3:30,Newfoundland,marie.scott@example.com,4716d625-73bc-4d09-beda-ce27ffa06ddd,goldenkoala520,brianna,jRqH586A,b6e4dad8013d9c740816e864c83e0047,3637c6fc9ff04f69bd89894f31f66a2500d4e665,02632e02c637de2c1407988203f3fcb449ec2756c8cc09e127ef66b4e4cb7733,1967-09-20T05:43:45.570Z,54,2008-10-17T05:25:18.561Z,13,021-843-6931,081-704-3155,PPS,9102732T,https://randomuser.me/api/portraits/women/5.jpg,https://randomuser.me/api/portraits/med/women/5.jpg,https://randomuser.me/api/portraits/thumb/women/5.jpg,IE
female,Mrs,فاطمه,محمدخان,5112,شیخ فضل الله نوری,قدس,مازندران,Iran,26455,5.7604,66.0629,-6:00,"Central Time (US & Canada), Mexico City",ftmh.mhmdkhn@example.com,fbb31db3-79b6-4481-a99e-16784adbd647,tinybear726,monalisa,Kvg036pm,e8119f27cc9f7f53fd62d32d2a12493a,14cd2a6054c67851026e6b395db2a616be04ba0c,2b532462b252c60a2204efa8e8e6ab596e4b79e4a9f1a14ae344e75763191985,1965-04-09T03:38:39.181Z,56,2006-01-07T20:39:50.853Z,15,063-78297279,0918-201-4576,,null,https://randomuser.me/api/portraits/women/20.jpg,https://randomuser.me/api/portraits/med/women/20.jpg,https://randomuser.me/api/portraits/thumb/women/20.jpg,IR
male,Mr,Ali,Kılıççı,1286,Istiklal Cd,Karabük,Manisa,Turkey,30032,-55.4138,-43.7655,-11:00,"Midway Island, Samoa",ali.kilicci@example.com,ca2b48ef-e625-4776-a03d-65af53c06528,redpanda675,vanessa,PVSFK9DX,80da0c449a802f5f6b43048e4ea67a63,de316a17ee2393604f54c12cb00afdbec3fa23ad,5f2bcdb32c0ab3a8aa6ba78fe7d37ad06c49f93a1eeb5ade8560bcc95982a1ed,1960-09-30T22:46:36.721Z,61,2013-01-26T12:24:34.260Z,8,(904)-052-7358,(130)-561-5566,,null,https://randomuser.me/api/portraits/men/35.jpg,https://randomuser.me/api/portraits/med/men/35.jpg,https://randomuser.me/api/portraits/thumb/men/35.jpg,TR
female,Miss,Judy,Hill,4919,The Drive,Passage West,Galway City,Ireland,26309,2.8551,154.2662,-2:00,Mid-Atlantic,judy.hill@example.com,203c53ad-8993-488a-a295-1fee339e0b63,blacktiger243,loco,o6SZOFsk,d015595aa9900aa092c585ca582695c9,28c569d4dda4d2a343d87a6cff33b532b568469b,5f7e9124a99c321bad6c9eeee94a7aed527015606450e06b125ebc0b0716a3dd,1996-04-03T02:04:11.096Z,25,2007-10-12T18:12:39.812Z,14,021-120-1623,081-769-8458,PPS,8250154T,https://randomuser.me/api/portraits/women/32.jpg,https://randomuser.me/api/portraits/med/women/32.jpg,https://randomuser.me/api/portraits/thumb/women/32.jpg,IE
female,Miss,Celestine,Meunier,6747,Rue Dugas-Montbel,Marseille,Gironde,France,76488,-51.6447,66.6130,-8:00,Pacific Time (US & Canada),celestine.meunier@example.com,5be3ec4b-e2d4-4017-9bae-408027f83acb,smallbutterfly470,sssss,km4hgnqr,35876092844e48156808ba6bbb98c21c,1db0f121efae167c0c9dc9c8627016cc4006ac84,d01ce3c034489d2cbefeadc5e16216724a7d2a5f51c141c432437f2d3619b1f8,1966-03-13T07:11:42.017Z,55,2013-01-10T02:04:50.993Z,8,05-04-37-91-33,06-95-44-75-14,INSEE,2NNaN61985469 67,https://randomuser.me/api/portraits/women/93.jpg,https://randomuser.me/api/portraits/med/women/93.jpg,https://randomuser.me/api/portraits/thumb/women/93.jpg,FR
female,Mrs,Gaya,Bulters,640,Cygnus,Marienberg,Noord-Holland,Netherlands,98697,1.4463,30.8691,+6:00,"Almaty, Dhaka, Colombo",gaya.bulters@example.com,f7cfaba4-95e0-4618-8b58-d2608b298a99,redleopard669,majestic,3IlwzvWW,3161ae431713ae81f18d92e43140cfea,f2b5bc9b9adc86a68e9a8b6d4a891d776f058182,1384b020398b698597410033b5e5d9e125a903f70fe51e149fcdc5f5ce758aef,1975-10-07T02:21:04.360Z,46,2019-07-15T20:16:50.279Z,2,(304)-680-3117,(211)-662-9498,BSN,42080704,https://randomuser.me/api/portraits/women/41.jpg,https://randomuser.me/api/portraits/med/women/41.jpg,https://randomuser.me/api/portraits/thumb/women/41.jpg,NL
female,Ms,Isabelle,White,7424,Atkinson Avenue,Palmerston North,Manawatu-Wanganui,New Zealand,11242,0.1192,-3.3156,+2:00,"Kaliningrad, South Africa",isabelle.white@example.com,6467db52-3ebd-4a84-a82e-2f5542412936,lazydog698,jets,XHQjqMHz,906d683c798837729d6ddc488fdbd497,30d9a2d0c6cc54686e05a708dcadf3bfeab8ad29,cd72190369af90b8ea33cba16da1fb2750e4a58a5f69c3308b55dbd52cb60ede,1970-12-05T16:10:17.643Z,51,2015-09-08T23:20:04.857Z,6,(209)-862-1488,(863)-120-6642,,null,https://randomuser.me/api/portraits/women/64.jpg,https://randomuser.me/api/portraits/med/women/64.jpg,https://randomuser.me/api/portraits/thumb/women/64.jpg,NZ
male,Mr,Nikolaj,Petersen,8149,Vangen,Ansager,Hovedstaden,Denmark,81786,45.6149,59.7507,+7:00,"Bangkok, Hanoi, Jakarta",nikolaj.petersen@example.com,ed78dd48-1287-47f2-a02a-d75b23e11344,crazyleopard965,skin,ncT50YZg,d4e7c5f92535fc8ca647a32bd4abe50a,d10a0b91344f328c2b9f8d7fe12c3df1cae20004,cc9307e995be1dce21f72fa68b847d8015bac1a482775cd9d8ad0ca9a6404a48,1950-12-24T21:40:43.124Z,71,2016-11-08T20:48:06.116Z,5,12174139,89803387,CPR,241250-7973,https://randomuser.me/api/portraits/men/94.jpg,https://randomuser.me/api/portraits/med/men/94.jpg,https://randomuser.me/api/portraits/thumb/men/94.jpg,DK
female,Mrs,Melissa,Diaz,7157,Parker Rd,Nowra,Victoria,Australia,9610,62.7932,113.5545,+9:30,"Adelaide, Darwin",melissa.diaz@example.com,1669fe07-6be2-465e-867c-81792ed96aea,yellowpeacock499,kirby,vXjwtWDg,c5338295be459fa33a130c932543f7da,c35dfd1d4c37209bd94017b62c1a9aee969670f7,f39efff70d754a5ffc47e598cab552e463e1769ae8dc082d1c624993aaf548c2,1959-06-04T21:02:22.416Z,62,2013-05-12T21:56:23.955Z,8,04-0271-5911,0490-156-339,TFN,247835718,https://randomuser.me/api/portraits/women/72.jpg,https://randomuser.me/api/portraits/med/women/72.jpg,https://randomuser.me/api/portraits/thumb/women/72.jpg,AU
female,Ms,Ayşe,Öymen,3726,Abanoz Sk,Aksaray,Konya,Turkey,32646,82.4773,76.5911,-6:00,"Central Time (US & Canada), Mexico City",ayse.oymen@example.com,f516c148-9fe8-4256-9cc9-a8a9f6517bc0,crazyelephant663,jethro,zkGxvGUn,9dd960540c31824a9a80884407f9640c,e28f985e2419039ee36e6dd204726e0e9f9335e8,f3f0107753ccd17e71220173d530f2d51c89b1de2f5a2deccd3ecfbcf7af4092,1982-02-10T06:17:11.595Z,39,2007-05-14T20:53:19.308Z,14,(468)-598-7713,(611)-238-0747,,null,https://randomuser.me/api/portraits/women/51.jpg,https://randomuser.me/api/portraits/med/women/51.jpg,https://randomuser.me/api/portraits/thumb/women/51.jpg,TR
female,Ms,Naja,Kristensen,5676,Valmuevej,Sundby,Midtjylland,Denmark,11510,-28.7529,-130.2999,+10:00,"Eastern Australia, Guam, Vladivostok",naja.kristensen@example.com,2b321ba3-e7fc-4630-91b0-6de7dd8b0950,goldenostrich256,beating,Gzl5w0vv,33fce90137e8d0c1ea5a2ac0d9ed9384,f428194c9d07558e9dd0f802f661a5c07fff15ba,a69139e68db10313e71a13a2052fd0d924c60185b2dec9f93bbbe642fe05888a,1964-03-16T07:54:18.137Z,57,2007-03-11T02:44:52.599Z,14,49629791,12380159,CPR,160364-3092,https://randomuser.me/api/portraits/women/76.jpg,https://randomuser.me/api/portraits/med/women/76.jpg,https://randomuser.me/api/portraits/thumb/women/76.jpg,DK
male,Mr,Anwar,Bischoff,2772,Haeckmate,Garnwerd,Zeeland,Netherlands,72962,54.3463,15.6719,+5:00,"Ekaterinburg, Islamabad, Karachi, Tashkent",anwar.bischoff@example.com,a2498678-2a7c-4a40-bca4-26ddda6141a9,purpleelephant849,honolulu,Ya4d7NCH,72c586729c30f4408abb5f65a2ddbed3,4ca776db4722da62374b3d2af55aa00d59f4e8c5,9d5bc864d10e1cf79c9002000dc4c85d8739f44c15f1c094d34633e2fb77a1ff,1992-04-26T22:42:50.574Z,29,2018-03-18T18:25:40.837Z,3,(013)-174-7439,(996)-346-6266,BSN,41544518,https://randomuser.me/api/portraits/men/95.jpg,https://randomuser.me/api/portraits/med/men/95.jpg,https://randomuser.me/api/portraits/thumb/men/95.jpg,NL
male,Mr,Archie,Moore,8724,Lake Terrace,Napier,Nelson,New Zealand,56009,-5.3140,-88.9691,+6:00,"Almaty, Dhaka, Colombo",archie.moore@example.com,40accde1-3c30-4bef-8d1d-48f1df232b61,brownpanda459,jethro,tNckuVvE,d4d54ac1c76dbb79f462643d0b5aae59,7894c802b2469418e9f881f9e5fc092bf4e1cef9,c11bc9a1af2e61346346726257fbbad61bcde3f832a9090010b770119defdbe4,1945-05-08T02:49:35.311Z,76,2013-06-04T14:35:56.140Z,8,(188)-523-6913,(859)-623-4687,,null,https://randomuser.me/api/portraits/men/16.jpg,https://randomuser.me/api/portraits/med/men/16.jpg,https://randomuser.me/api/portraits/thumb/men/16.jpg,NZ
female,Mrs,Tessa,Renaud,8646,Rue Duquesne,Strasbourg,Isère,France,48255,-32.3998,161.9031,-6:00,"Central Time (US & Canada), Mexico City",tessa.renaud@example.com,dfe055db-cfc5-40ab-b8eb-99c65c254c71,brownostrich336,alberto,gEs3Wrgl,32c4b7553a9166096f223e91593582fb,205d608cadf2d5c686c63259496785470fee1e21,29373b3e0412f60b3e0ae259257baba834312faf4688660613b24ee389988a23,1947-04-30T15:09:31.992Z,74,2014-02-27T23:52:51.769Z,7,03-30-46-84-40,06-36-28-33-68,INSEE,2NNaN43770080 54,https://randomuser.me/api/portraits/women/43.jpg,https://randomuser.me/api/portraits/med/women/43.jpg,https://randomuser.me/api/portraits/thumb/women/43.jpg,FR
male,Monsieur,Dennis,Lefevre,7529,Rue de L'Abbé-De-L'Épée,Liedertswil,Bern,Switzerland,6983,2.8259,173.9644,+3:30,Tehran,dennis.lefevre@example.com,c74ab613-b29e-432f-929a-55f47bd59b2e,redostrich993,allison,74gnV9dj,54c3489b09973f1f192b1617fc013d5b,e72683a251ae5d8d4a7f452560d3dfaebded439a,b717c97cfe196987b533c925e181a5dd0af98108e59eeea9c9ab81a518514be8,1973-02-27T00:24:16.561Z,48,2009-02-19T04:24:55.462Z,12,075 751 85 13,075 515 52 65,AVS,756.2449.1432.06,https://randomuser.me/api/portraits/men/12.jpg,https://randomuser.me/api/portraits/med/men/12.jpg,https://randomuser.me/api/portraits/thumb/men/12.jpg,CH
male,Mr,Milo,Blanc,818,Rue Gasparin,Reims,Var,France,50992,82.8497,141.8133,-4:00,"Atlantic Time (Canada), Caracas, La Paz",milo.blanc@example.com,c0fb356d-8462-4865-8c37-43ab487ae9fd,heavysnake882,incubus,Zhx8wMWh,3cfeea04566eca2eeb0940b944c034bb,453f12c058448d18db9b8c5d9fc8a6f7a622c3e8,6581c4917c289cf086fb5f82b5dc44765eabffaf75332cf6728997e263bbd0fd,1961-02-07T09:25:41.945Z,60,2006-03-14T02:00:42.601Z,15,03-79-70-75-74,06-94-64-76-86,INSEE,1NNaN54165268 23,https://randomuser.me/api/portraits/men/28.jpg,https://randomuser.me/api/portraits/med/men/28.jpg,https://randomuser.me/api/portraits/thumb/men/28.jpg,FR
female,Mrs,Emma,Black,3541,Station Road,Arklow,Donegal,Ireland,31535,44.7296,106.5530,-4:00,"Atlantic Time (Canada), Caracas, La Paz",emma.black@example.com,25a1245d-0b7b-45bb-aff9-ed60862e5f55,yellowwolf417,kimber,67vcaM76,72c971e71a82832d98c6fcc63e04d27d,d1feba0478e19b5f247581f203fd9c3e4ec92fc4,363cd400274f8a09a5df41689b5712293eb2a9f25ebbe35151732f036eecf19d,1986-09-05T02:50:32.170Z,35,2012-09-28T17:40:10.788Z,9,011-840-4055,081-420-5189,PPS,6581268T,https://randomuser.me/api/portraits/women/0.jpg,https://randomuser.me/api/portraits/med/women/0.jpg,https://randomuser.me/api/portraits/thumb/women/0.jpg,IE